ea, eb, ec, ed 
-0.10426, -0.10426, -0.064909, -0.0649